"","Evaluations"""
"","Workflow Engines"""
"","Joget"""
"","Integration"""
"","Plugin"""
"","OSGi"""
"","Java"""
"","JSON"""
"","Javascript"""
"","Datbase"""
"","MySql"""
"","MS SQLServer"""
"","Oracle"""
"","Encryption"""
"","Intransit"""
"","At rest"""
"","Evaluations"""
"","Workflow Engines"""
"","Joget"""
"","Integration"""
"","Plugin"""
"","OSGi"""
"","Java"""
"","JSON"""
"","Javascript"""
"","Datbase"""
"","MySql"""
"","MS SQLServer"""
"","Oracle"""
"","Encryption"""
"","Intransit"""
"","At rest"""
"","Evaluations"""
"","Workflow Engines"""
"","Joget"""
"","Integration"""
"","Plugin"""
"","OSGi"""
"","Java"""
"","JSON"""
"","Javascript"""
"","Datbase"""
"","MySql"""
"","MS SQLServer"""
"","Oracle"""
"","Encryption"""
"","Intransit"""
"","At rest"""
