"","Functions"""
"","Provision for preventing duplicate Lexeme-Definition"""
"","Provide Wiki-fication for Lexeme-Definition description"""
"","Provide Wiki text for Lexeme-Definition description"""
"","Functions"""
"","Provision for preventing duplicate Lexeme-Definition"""
"","Provide Wiki-fication for Lexeme-Definition description"""
"","Provide Wiki text for Lexeme-Definition description"""
"","Functions"""
"","Provision for preventing duplicate Lexeme-Definition"""
"","Provide Wiki-fication for Lexeme-Definition description"""
"","Provide Wiki text for Lexeme-Definition description"""
"","Functions"""
"","Provision for preventing duplicate Lexeme-Definition"""
"","Provide Wiki-fication for Lexeme-Definition description"""
"","Provide Wiki text for Lexeme-Definition description"""
"","Functions"""
"","Provision for preventing duplicate Lexeme-Definition"""
"","Provide Wiki-fication for Lexeme-Definition description"""
"","Provide Wiki text for Lexeme-Definition description"""
"","Functions"""
"","Provision for preventing duplicate Lexeme-Definition"""
"","Provide Wiki-fication for Lexeme-Definition description"""
"","Provide Wiki text for Lexeme-Definition description"""
"","Functions"""
"","Provision for preventing duplicate Lexeme-Definition"""
"","Provide Wiki-fication for Lexeme-Definition description"""
"","Provide Wiki text for Lexeme-Definition description"""
"","Functions"""
"","Provision for preventing duplicate Lexeme-Definition"""
"","Provide Wiki-fication for Lexeme-Definition description"""
"","Provide Wiki text for Lexeme-Definition description"""
"","Functions"""
"","Provision for preventing duplicate Lexeme-Definition"""
"","Provide Wiki-fication for Lexeme-Definition description"""
"","Provide Wiki text for Lexeme-Definition description"""
"","Functions"""
"","Provision for preventing duplicate Lexeme-Definition"""
"","Provide Wiki-fication for Lexeme-Definition description"""
"","Provide Wiki text for Lexeme-Definition description"""
