"","Processes"""
"","Lexeme-Processes"""
"","Propose Lexeme-Definition Process"""
"","Confirm Lexeme-Definition Process"""
"","Update Lexeme-Definition Process"""
"","Deactivate Lexeme-Definition Process"""
"","Processes"""
"","Lexeme-Processes"""
"","Propose Lexeme-Definition Process"""
"","Confirm Lexeme-Definition Process"""
"","Update Lexeme-Definition Process"""
"","Deactivate Lexeme-Definition Process"""
"","Processes"""
"","Lexeme-Processes"""
"","Propose Lexeme-Definition Process"""
"","Confirm Lexeme-Definition Process"""
"","Update Lexeme-Definition Process"""
"","Deactivate Lexeme-Definition Process"""
"","Processes"""
"","Lexeme-Processes"""
"","Propose Lexeme-Definition Process"""
"","Confirm Lexeme-Definition Process"""
"","Update Lexeme-Definition Process"""
"","Deactivate Lexeme-Definition Process"""
"","Processes"""
"","Lexeme-Processes"""
"","Propose Lexeme-Definition Process"""
"","Confirm Lexeme-Definition Process"""
"","Update Lexeme-Definition Process"""
"","Deactivate Lexeme-Definition Process"""
"","Processes"""
"","Lexeme-Processes"""
"","Propose Lexeme-Definition Process"""
"","Confirm Lexeme-Definition Process"""
"","Update Lexeme-Definition Process"""
"","Deactivate Lexeme-Definition Process"""
"","Processes"""
"","Lexeme-Processes"""
"","Propose Lexeme-Definition Process"""
"","Confirm Lexeme-Definition Process"""
"","Update Lexeme-Definition Process"""
"","Deactivate Lexeme-Definition Process"""
"","Processes"""
"","Lexeme-Processes"""
"","Propose Lexeme-Definition Process"""
"","Confirm Lexeme-Definition Process"""
"","Update Lexeme-Definition Process"""
"","Deactivate Lexeme-Definition Process"""
"","Processes"""
"","Lexeme-Processes"""
"","Propose Lexeme-Definition Process"""
"","Confirm Lexeme-Definition Process"""
"","Update Lexeme-Definition Process"""
"","Deactivate Lexeme-Definition Process"""
"","Processes"""
"","Lexeme-Processes"""
"","Propose Lexeme-Definition Process"""
"","Confirm Lexeme-Definition Process"""
"","Update Lexeme-Definition Process"""
"","Deactivate Lexeme-Definition Process"""
